post_title,post_content,post_excerpt,post_status,post_type,post_name,menu_order,template
"Scaffold Tower Hire for Electricians | Safe & Certified | HireIn","<p>Electricians and electrical contractors require safe, reliable access for high-level wiring, lighting installation, and maintenance. Our scaffold towers provide a stable and secure platform for all electrical work at height, ensuring you can complete your projects safely and efficiently. For professional **scaffold tower hire for electricians**, we offer nationwide next-day delivery and prices up to 70% cheaper than traditional hire companies.</p>  <h2>Why Electricians Choose Our Scaffold Towers</h2>  <ul> <li>**Safe & Certified:** All towers are BS EN1004 certified and safety checked before delivery, essential for electrical work.</li> <li>**Non-Conductive Options:** We offer GRP (fibreglass) scaffold towers for work near live electrical sources.</li> <li>**Quick Assembly:** Colour-coded components for fast, easy setup on site, saving you time and money.</li> <li>**70% Cheaper:** Get the best rates on professional equipment without needing a corporate account.</li> </ul>  <h2>What's Included with Your Hire</h2>  <p>Every scaffold tower hire includes a complete tower with all necessary components, including stabilisers, toe boards, and safety handrails. We also provide foam protectors to prevent damage to finished surfaces and a ScaffTag safety system as standard. Full insurance and safety documentation are included with every hire.</p>  <h2>Pricing & Booking</h2>  <p>Scaffold tower hire for electricians starts from just **£45.80/week + VAT**. We offer free delivery on hires of 3 weeks or more and have no hidden charges or deposits. Call our expert hire desk now for immediate availability and a free quote.</p>  <p>**Call our hire desk: 0808 115 1064**</p>  <blockquote>""We use HireIn for all our high-level electrical work. Their GRP towers are perfect for our data centre jobs, and the prices are unbeatable. The next-day delivery is a lifesaver."" - Director, Spark Electrical Contractors, London</blockquote>","Professional scaffold tower hire for electricians. 70% cheaper than competitors. Nationwide next-day delivery. Call 0808 115 1064 for a free quote.","draft","page","scaffold-tower-page-1","1","page-compact-keyword.php"
"Scaffold Towers for Property Managers | Multi-Site Discounts | HireIn","<p>Property managers need a reliable and cost-effective solution for ongoing maintenance across a portfolio of properties. Our scaffold towers provide safe, flexible access for a wide range of tasks, from gutter cleaning and roof repairs to painting and decorating. We offer special rates on **scaffold towers for property managers**, with no corporate account required.</p>  <h2>Why Property Managers Choose HireIn</h2>  <ul> <li>**Multi-Site Discounts:** We offer preferential rates for property managers with multiple sites or long-term hire needs.</li> <li>**70% Cheaper:** Our standard prices are already up to 70% cheaper than other hire companies, saving you even more.</li> <li>**Reliable Next-Day Delivery:** We can deliver towers to any property in your portfolio, often on the next working day.</li> <li>**One-Stop Shop:** We offer a full range of access equipment, from scaffold towers to powered access, simplifying your procurement.</li> </ul>  <h2>What's Included with Your Hire</h2>  <p>Each hire includes a complete, professional-grade scaffold tower, delivered to your specified property. We provide all necessary safety equipment and documentation, ensuring you and your contractors are fully compliant. Our team can advise on the right tower for any maintenance task.</p>  <h2>Pricing & Booking</h2>  <p>Scaffold tower hire for property managers starts from just **£45.80/week + VAT**. Contact our trade desk to discuss your portfolio and get a custom quote with our best rates. We make it easy to manage your maintenance budget without compromising on safety or quality.</p>  <p>**Call our hire desk: 0808 115 1064**</p>  <blockquote>""We manage over 100 residential properties, and HireIn is our go-to partner for access equipment. Their prices are incredible, and the service is always reliable. They make my job so much easier."" - Senior Property Manager, London</blockquote>","Scaffold towers for property managers. Special rates for multi-site and long-term hire. 70% cheaper than competitors. Next-day delivery. Call 0808 115 1064.","draft","page","scaffold-tower-page-10","2","page-compact-keyword.php"
"Scaffold Tower Hire for Painters & Decorators | Perfect Finish | HireIn","<p>Painters and decorators need a stable, spacious platform to achieve a perfect finish on high walls and ceilings. Our scaffold towers provide a safe and comfortable working area, allowing you to focus on the quality of your work. For professional **scaffold tower hire for painters and decorators**, we offer flexible hire periods and the most competitive prices in the UK.</p>  <h2>Why Painters & Decorators Choose Our Scaffold Towers</h2>  <ul> <li>**Spacious Platform:** Ample room for you, your tools, and your paint, reducing trips up and down.</li> <li>**Stable & Secure:** Work with confidence on a sturdy platform, eliminating the risks of over-reaching from a ladder.</li> <li>**Protect Finished Surfaces:** Foam protectors included to prevent scuffs and marks on walls and floors.</li> <li>**70% Cheaper:** Keep your project on budget with our unbeatable hire rates.</li> </ul>  <h2>What's Included with Your Hire</h2>  <p>Each scaffold tower hire comes with a complete, easy-to-assemble tower, including a large, non-slip platform, safety handrails, and stabilisers. We provide comprehensive instructions and safety documentation. Our towers are cleaned and checked before every hire, ensuring a professional experience for you and your clients.</p>  <h2>Pricing & Booking</h2>  <p>Scaffold tower hire for painters and decorators starts at just **£45.80/week + VAT**. We offer free delivery for hires of 3 weeks or more. Call our friendly hire desk for a quick quote and to book your tower for next-day delivery.</p>  <p>**Call our hire desk: 0808 115 1064**</p>  <blockquote>""I hire scaffold towers from HireIn for all my exterior painting jobs. The platforms are much safer and more efficient than using ladders, and the prices are excellent. Highly recommended."" - Owner, Perfect Finish Decorators, Manchester</blockquote>","Professional scaffold tower hire for painters and decorators. 70% cheaper than competitors. Nationwide next-day delivery. Call 0808 115 1064 for a free quote.","draft","page","scaffold-tower-page-2","3","page-compact-keyword.php"
"Scaffold Tower for Gutter Cleaning | Safe & Easy Access | HireIn","<p>Cleaning gutters is an essential maintenance task, but it can be dangerous without the right equipment. A scaffold tower provides a safe and stable platform for accessing rooflines, making gutter cleaning easier and safer than using a ladder. For **scaffold tower hire for gutter cleaning**, we offer flexible hire periods for both DIY and professional use.</p>  <h2>Why Use a Scaffold Tower for Gutter Cleaning?</h2>  <ul> <li>**Unmatched Safety:** A full guardrail system prevents falls, a common risk when working from ladders.</li> <li>**Stable Platform:** Provides a large, stable working area, allowing you to move along the gutter line without repositioning.</li> <li>**Increased Efficiency:** Keep your tools and buckets on the platform with you, saving time and effort.</li> <li>**Cost-Effective:** Hiring a scaffold tower is much cheaper than hiring a professional gutter cleaning service.</li> </ul>  <h2>What's Included with Your Hire</h2>  <p>Our DIY scaffold towers are easy to assemble, with colour-coded components and simple instructions. The hire includes a complete tower with a non-slip platform, safety rails, and stabilisers. The lightweight aluminium construction makes it easy to move into position.</p>  <h2>Pricing & Booking</h2>  <p>Scaffold tower hire for gutter cleaning starts from just **£45.80/week + VAT**. This is a fraction of the cost of a professional gutter cleaning service, and you can keep the tower for the whole week to tackle other high-level jobs. Call us for a free quote and next-day delivery.</p>  <p>**Call our hire desk: 0808 115 1064**</p>  <blockquote>""I hired a scaffold tower from HireIn to clean the gutters on my two-story house. It was so much safer and easier than using a ladder. The delivery was on time and the equipment was top-notch. I'll be hiring one every year."" - Homeowner, Birmingham</blockquote>","Scaffold tower hire for gutter cleaning. Safe, stable access to rooflines. 70% cheaper than competitors. Next-day delivery. Call 0808 115 1064.","draft","page","scaffold-tower-page-3","4","page-compact-keyword.php"
"Narrow Scaffold Tower for Hallways | Tight Space Access | HireIn","<p>Working at height in narrow hallways, stairwells, and corridors presents a unique challenge. Our narrow scaffold towers are specifically designed for these tight spaces, providing safe and stable access where a standard tower or ladder won't fit. For **narrow scaffold tower hire for hallways**, we offer the UK's best prices and next-day delivery.</p>  <h2>Why Choose a Narrow Scaffold Tower?</h2>  <ul> <li>**Compact Design:** With a width of just 0.85m, it fits through standard doorways and in narrow corridors.</li> <li>**Safe Stairwell Access:** Can be set up on stairs, providing a safe platform for painting, decorating, or electrical work.</li> <li>**Lightweight & Mobile:** Easy to move from room to room without disassembly.</li> <li>**Impressive Height:** Reach heights of up to 7.2m, even in a narrow space.</li> </ul>  <h2>What's Included with Your Hire</h2>  <p>Our narrow scaffold tower hire includes a complete, lightweight aluminium tower with a compact platform, guardrails, and stabilisers. The tower is easy to assemble with our simple instructions, and its small footprint makes it ideal for indoor use.</p>  <h2>Pricing & Booking</h2>  <p>Narrow scaffold tower hire starts from just **£45.80/week + VAT**. This is an incredibly cost-effective solution for safe access in tight spaces. Call our expert team for advice and to book your narrow tower for next-day delivery.</p>  <p>**Call our hire desk: 0808 115 1064**</p>  <blockquote>""The narrow scaffold tower was a game-changer for our hotel renovation project. We could easily get it into corridors and stairwells to do the decorating. Great service and price from HireIn."" - Project Manager, London Hotel Group</blockquote>","Narrow scaffold tower hire for hallways and tight spaces. Perfect for stairwells and corridors. 70% cheaper than competitors. Call 0808 115 1064.","draft","page","scaffold-tower-page-4","5","page-compact-keyword.php"
"Scaffold Tower Hire London | Next-Day Delivery | HireIn","<p>For professional and DIY projects across London, scaffold tower hire provides a safe, flexible, and cost-effective solution for working at height. HireIn offers next-day delivery on a complete range of scaffold towers to all London boroughs, with prices up to 70% cheaper than other London hire companies. For **scaffold tower hire in London**, we are the number one choice.</p>  <h2>Why Choose HireIn for London Scaffold Tower Hire?</h2>  <ul> <li>**Next-Day London Delivery:** We deliver to all 32 London boroughs, often on the same day.</li> <li>**Unbeatable Prices:** Our London scaffold hire rates are up to 70% cheaper than HSS, Speedy, and Brandon Hire.</li> <li>**Full Range of Towers:** From narrow towers for tight Victorian hallways to large towers for commercial construction.</li> <li>**No Account Needed:** We offer the same great rates to everyone, from individual homeowners to large contractors.</li> </ul>  <h2>What's Included with Your London Hire</h2>  <p>Every scaffold tower hire in London includes a complete, safety-checked tower delivered directly to your site or home. Our professional drivers will provide a quick demonstration, and our simple instructions make assembly easy. All towers come with guardrails, toe boards, and stabilisers for maximum safety.</p>  <h2>Pricing & Booking</h2>  <p>Scaffold tower hire in London starts from just **£45.80/week + VAT**. With free delivery on hires of 3 weeks or more, we offer the best value in the capital. Call our London hire desk for a free quote and to book your tower.</p>  <p>**Call our hire desk: 0808 115 1064**</p>  <blockquote>""I needed a scaffold tower for a job in Islington and HireIn delivered the next morning. The price was fantastic and the service was first-class. I won't use anyone else for scaffold hire in London now."" - Builder, North London</blockquote>","Scaffold tower hire in London from £45.80/week. Next-day delivery across all London boroughs. 70% cheaper than competitors. Call 0808 115 1064.","draft","page","scaffold-tower-page-5","6","page-compact-keyword.php"
"Scaffold Towers for Contractors | Trade Hire Rates | HireIn","<p>As a professional contractor, you need reliable, high-quality equipment at a price that keeps your projects profitable. Our scaffold towers are the perfect choice for contractors across all trades, providing safe, flexible access for any job at height. We offer trade hire rates on **scaffold towers for contractors** without the need for a corporate account.</p>  <h2>Why Contractors Choose HireIn</h2>  <ul> <li>**Trade Prices for All:** Get our best rates on every hire, whether you're a sole trader or a large firm.</li> <li>**70% Cheaper:** Our prices are consistently up to 70% lower than the big national hire chains.</li> <li>**Reliable Next-Day Delivery:** We know you can't afford delays. Order by 3pm for next-day delivery to your site.</li> <li>**Professional Equipment:** All our towers are BS EN1004 certified, cleaned, and safety-checked before every hire.</li> </ul>  <h2>What's Included with Your Trade Hire</h2>  <p>Your hire includes a complete, professional-grade scaffold tower with all safety components. We provide clear instructions, safety documentation, and ScaffTags as standard. Our team is on hand to provide expert advice to ensure you get the right tower for your specific trade and project.</p>  <h2>Pricing & Booking</h2>  <p>Scaffold tower hire for contractors starts from just **£45.80/week + VAT**. With free delivery on hires of 3 weeks or more and no account setup required, we make hiring easy and affordable. Call our trade hire desk for an instant quote.</p>  <p>**Call our hire desk: 0808 115 1064**</p>  <blockquote>""As a general contractor, I need a reliable hire partner. HireIn has never let me down. Their prices are the best I've found, and the equipment is always top quality. They're my go-to for all access equipment."" - Owner, ABC Construction</blockquote>","Scaffold towers for contractors. Trade hire rates for all, no account needed. 70% cheaper than competitors. Next-day delivery. Call 0808 115 1064.","draft","page","scaffold-tower-page-6","7","page-compact-keyword.php"
"Scaffold Tower for Chimney Repair | Safe High-Level Access | HireIn","<p>Chimney repair and maintenance requires a safe and stable platform to work from. A scaffold tower is the ideal solution, providing secure access to chimneys for pointing, flashing repairs, and pot replacement. For **scaffold tower hire for chimney repair**, we offer a range of tower sizes to suit any property, with next-day nationwide delivery.</p>  <h2>Why Use a Scaffold Tower for Chimney Repair?</h2>  <ul> <li>**Safe Working Platform:** A large, stable platform with guardrails is much safer than using a roof ladder.</li> <li>**360-Degree Access:** Easily work on all sides of the chimney without repositioning the tower.</li> <li>**Space for Tools:** Keep your mortar, tools, and materials on the platform with you.</li> <li>**Cost-Effective:** Hiring a scaffold tower is significantly cheaper than erecting full scaffolding for a small repair job.</li> </ul>  <h2>What's Included with Your Hire</h2>  <p>Our scaffold tower hire includes a complete tower with a non-slip platform, adjustable legs for uneven ground, and all necessary safety components. The lightweight aluminium construction makes it easy to position, and our team can advise on the best tower size for your specific chimney repair project.</p>  <h2>Pricing & Booking</h2>  <p>Scaffold tower hire for chimney repair starts from just **£45.80/week + VAT**. This provides a full week of safe access, allowing you to complete the job without rushing. Call our hire desk for a free quote and to arrange next-day delivery.</p>  <p>**Call our hire desk: 0808 115 1064**</p>  <blockquote>""I hired a scaffold tower from HireIn to repoint my chimney. It was delivered the next day and was easy to put up. I felt much safer than I would have on a ladder, and the price was very reasonable. Excellent service."" - Homeowner, Leeds</blockquote>","Scaffold tower hire for chimney repair. Safe, stable access for pointing, flashing, and pot replacement. 70% cheaper than competitors. Call 0808 115 1064.","draft","page","scaffold-tower-page-7","8","page-compact-keyword.php"
"Scaffold Tower Hire for Retail Fit-Outs | Shopfitting Access | HireIn","<p>Retail fit-out projects demand speed, efficiency, and safety. Our scaffold towers are the ideal access solution for shopfitting, allowing you to work on lighting, signage, and high-level installations quickly and safely. For **scaffold tower hire for retail fit-outs**, we offer flexible hire periods and next-day delivery to keep your project on schedule.</p>  <h2>Why Choose Our Scaffold Towers for Retail Fit-Outs?</h2>  <ul> <li>**Fast & Efficient:** Quick to assemble and move, minimizing disruption in a retail environment.</li> <li>**Compact & Versatile:** Narrow towers available for tight spaces and corridors.</li> <li>**Protect Finished Surfaces:** Foam protectors included to prevent damage to floors and fixtures.</li> <li>**Cost-Effective:** Our hire rates are up to 70% cheaper, helping you stay within budget.</li> </ul>  <h2>What's Included with Your Hire</h2>  <p>Each hire includes a complete, professional-grade scaffold tower, cleaned and safety-checked. The lightweight aluminium construction is perfect for indoor use, and the non-slip platform provides a secure working area. We can advise on the best tower for your specific retail fit-out needs.</p>  <h2>Pricing & Booking</h2>  <p>Scaffold tower hire for retail fit-outs starts from just **£45.80/week + VAT**. We offer flexible hire terms to match your project timeline. Call our hire desk for an instant quote and to arrange delivery to your retail site.</p>  <p>**Call our hire desk: 0808 115 1064**</p>  <blockquote>""We use HireIn for all our retail fit-out projects. Their scaffold towers are perfect for the job, and the service is always reliable. The prices are the best we've found, which is crucial for staying competitive."" - Director, Retail Interiors Ltd, Retail Fit-Out Specialists</blockquote>","Scaffold tower hire for retail fit-outs. Perfect for shopfitting, lighting, and signage. 70% cheaper than competitors. Next-day delivery. Call 0808 115 1064.","draft","page","scaffold-tower-page-8","9","page-compact-keyword.php"
"Scaffold Tower for Exterior Painting | Safe & Stable Access | HireIn","<p>Achieving a professional finish on an exterior painting job requires a stable and secure platform. A scaffold tower provides the safety and space you need to work efficiently, eliminating the risks of over-reaching from a ladder. For **scaffold tower hire for exterior painting**, we offer a range of sizes to suit any property, from bungalows to multi-story buildings.</p>  <h2>Why Use a Scaffold Tower for Exterior Painting?</h2>  <ul> <li>**Superior Safety:** A full guardrail system and large platform make it much safer than a ladder.</li> <li>**Better Quality Finish:** A stable base allows you to maintain a consistent distance from the wall, resulting in a more even coat.</li> <li>**Increased Efficiency:** Keep your paint, brushes, and tools on the platform with you, saving time and energy.</li> <li>**Cost-Effective:** Hiring a tower is a small investment for a professional-quality, long-lasting finish.</li> </ul>  <h2>What's Included with Your Hire</h2>  <p>Our exterior scaffold towers are easy to assemble and come with adjustable legs to cope with uneven ground. The hire includes a complete tower with a non-slip platform, safety rails, and stabilisers. The lightweight aluminium construction makes it easy to move around the property as you work.</p>  <h2>Pricing & Booking</h2>  <p>Scaffold tower hire for exterior painting starts from just **£45.80/week + VAT**. This gives you plenty of time to prep, paint, and finish the job without rushing. Call our hire desk for a free quote and to arrange next-day delivery.</p>  <p>**Call our hire desk: 0808 115 1064**</p>  <blockquote>""I hired a scaffold tower from HireIn to paint the outside of my house. It made the job so much easier and safer. The tower was delivered on time and was in great condition. I'd definitely recommend them."" - Homeowner, Bristol</blockquote>","Scaffold tower hire for exterior painting. Safe, stable platform for a perfect finish. 70% cheaper than competitors. Next-day delivery. Call 0808 115 1064.","draft","page","scaffold-tower-page-9","10","page-compact-keyword.php"
