URL,Content_Type,Page_Title,Primary_Keyword,Assigned_Pillar
URL,ContentType,Title,PrimaryKeyword,Pillar_Assignment
https://hirein.co.uk/,Page,Home,equipment hire,Site & Groundworks Equipment
https://hirein.co.uk/mewp-hire/,Page,MEWP Hire,mewp hire,Scaffold & Access Solutions
https://hirein.co.uk/industrial-gas-heater-hire/,Page,Industrial Gas Heater Hire,industrial gas heater hire,Site & Groundworks Equipment
https://hirein.co.uk/cheap-ladder-hire/,Page,Cheap Ladder Hire,cheap ladder hire,Scaffold & Access Solutions
https://hirein.co.uk/boom-lift-hire/,Page,Boom Lift Hire,boom lift hire,Scaffold & Access Solutions
https://hirein.co.uk/hop-up-platform/,Page,Hop Up Platform,hop up platform,Scaffold & Access Solutions
https://hirein.co.uk/aluminium-step-hire/,Page,Aluminium Step Hire,aluminium step hire,Scaffold & Access Solutions
https://hirein.co.uk/aluminium-scaffold-tower-hire/,Page,Aluminium Scaffold Tower Hire,aluminium scaffold tower hire,Scaffold & Access Solutions
https://hirein.co.uk/blow-heater-hire/,Page,Blow Heater Hire,blow heater hire,Site & Groundworks Equipment
https://hirein.co.uk/barrier-fencing-hire/,Page,Barrier Fencing Hire,barrier fencing hire,Safety & Security Equipment
https://hirein.co.uk/high-level-powered-access/,Page,High Level Powered Access,high level powered access,Scaffold & Access Solutions
https://hirein.co.uk/3-way-ladder-hire/,Page,3 Way Ladder Hire,3 way ladder hire,Scaffold & Access Solutions
https://hirein.co.uk/access-platform-hire/,Page,Access Platform Hire,access platform hire,Scaffold & Access Solutions
https://hirein.co.uk/cherry-picker-hire/,Page,Cherry Picker Hire,cherry picker hire,Scaffold & Access Solutions
https://hirein.co.uk/crowd-control-barrier-hire/,Page,Crowd Control Barrier Hire,crowd control barrier hire,Safety & Security Equipment
https://hirein.co.uk/diy-scaffold-tower/,Page,DIY Scaffold Tower,diy scaffold tower,DIY & Home Renovation Projects
https://hirein.co.uk/fibreglass-step-ladder-hire/,Page,Fibreglass Step Ladder Hire,fibreglass step ladder hire,Scaffold & Access Solutions
https://hirein.co.uk/youngman-boards-hire/,Page,Youngman Boards Hire,youngman boards hire,Scaffold & Access Solutions
https://hirein.co.uk/tower-scaffold-protectors-hire/,Page,Tower Scaffold Protectors Hire,tower scaffold protectors hire,Safety & Security Equipment
https://hirein.co.uk/gas-bottle-storage-hire/,Page,Gas Bottle Storage Hire,gas bottle storage hire,Safety & Security Equipment
https://hirein.co.uk/heater-hire/,Page,Heater Hire,heater hire,Site & Groundworks Equipment
https://hirein.co.uk/lifting-equipment-hire/,Page,Lifting Equipment Hire,lifting equipment hire,Material Handling & Lifting
https://hirein.co.uk/high-clearance-frames/,Page,High Clearance Frames,high clearance frames,Scaffold & Access Solutions
https://hirein.co.uk/lift-shaft-scaffold-tower-hire/,Page,Lift Shaft Scaffold Tower Hire,lift shaft scaffold tower hire,Scaffold & Access Solutions
https://hirein.co.uk/scaffold-tower-scaff-tag-hire/,Page,Scaffold Tower Scaff Tag Hire,scaffold tower scaff tag hire,Safety & Security Equipment
https://hirein.co.uk/faq/,Page,FAQ,faq,Site & Groundworks Equipment
https://hirein.co.uk/platform-ladder-hire/,Page,Platform Ladder Hire,platform ladder hire,Scaffold & Access Solutions
https://hirein.co.uk/youngman-ladder-hire/,Page,Youngman Ladder Hire,youngman ladder hire,Scaffold & Access Solutions
https://hirein.co.uk/platform-lift-hire/,Page,Platform Lift Hire,platform lift hire,Material Handling & Lifting
https://hirein.co.uk/powered-access-hire/,Page,Powered Access Hire,powered access hire,Scaffold & Access Solutions
https://hirein.co.uk/scaffold-hire-prices/,Page,Scaffold Hire Prices,scaffold hire prices,Scaffold & Access Solutions
https://hirein.co.uk/scaffold-tower-accessories/,Page,Scaffold Tower Accessories,scaffold tower accessories,Scaffold & Access Solutions
https://hirein.co.uk/mobile-scaffold-tower-hire/,Page,Mobile Scaffold Tower Hire,mobile scaffold tower hire,Scaffold & Access Solutions
https://hirein.co.uk/sitemap/,Page,Sitemap,sitemap,Site & Groundworks Equipment
https://hirein.co.uk/featured-products/,Page,Featured Products,featured products,Site & Groundworks Equipment
https://hirein.co.uk/work-platform-hire/,Page,Work Platform Hire,work platform hire,Scaffold & Access Solutions
https://hirein.co.uk/step-ladder-hire/,Page,Step Ladder Hire,step ladder hire,Scaffold & Access Solutions
https://hirein.co.uk/steel-fence-hire/,Page,Steel Fence Hire,steel fence hire,Safety & Security Equipment
https://hirein.co.uk/site-fencing-hire/,Page,Site Fencing Hire,site fencing hire,Safety & Security Equipment
https://hirein.co.uk/security-fencing-hire/,Page,Security Fencing Hire,security fencing hire,Safety & Security Equipment
https://hirein.co.uk/scissor-lift-hire/,Page,Scissor Lift Hire,scissor lift hire,Scaffold & Access Solutions
https://hirein.co.uk/portable-heater-hire/,Page,Portable Heater Hire,portable heater hire,Site & Groundworks Equipment
https://hirein.co.uk/niftylift-hire/,Page,Niftylift Hire,niftylift hire,Scaffold & Access Solutions
https://hirein.co.uk/multi-purpose-ladder-hire/,Page,Multi Purpose Ladder Hire,multi purpose ladder hire,Scaffold & Access Solutions
https://hirein.co.uk/metal-fencing-hire/,Page,Metal Fencing Hire,metal fencing hire,Safety & Security Equipment
https://hirein.co.uk/lifting-gear-hire/,Page,Lifting Gear Hire,lifting gear hire,Material Handling & Lifting
https://hirein.co.uk/lift-hire/,Page,Lift Hire,lift hire,Material Handling & Lifting
https://hirein.co.uk/ladder-accessory-hire/,Page,Ladder Accessory Hire,ladder accessory hire,Scaffold & Access Solutions
https://hirein.co.uk/industrial-heater-hire/,Page,Industrial Heater Hire,industrial heater hire,Site & Groundworks Equipment
https://hirein.co.uk/fencing-hire/,Page,Fencing Hire,fencing hire,Safety & Security Equipment
https://hirein.co.uk/extension-ladder-hire/,Page,Extension Ladder Hire,extension ladder hire,Scaffold & Access Solutions
https://hirein.co.uk/site-lighting-hire/,Page,Site Lighting Hire,site lighting hire,Site & Groundworks Equipment
https://hirein.co.uk/plastic-barrier-hire/,Page,Plastic Barrier Hire,plastic barrier hire,Safety & Security Equipment
https://hirein.co.uk/aluminium-ladder-hire/,Page,Aluminium Ladder Hire,aluminium ladder hire,Scaffold & Access Solutions
https://hirein.co.uk/returns-policy/,Page,Returns Policy,returns policy,Site & Groundworks Equipment
https://hirein.co.uk/privacy-policy/,Page,Privacy Policy,privacy policy,Site & Groundworks Equipment
https://hirein.co.uk/contact-us/,Page,Contact Us,contact us,Site & Groundworks Equipment
https://hirein.co.uk/shop/,Page,Shop,shop,Site & Groundworks Equipment
https://hirein.co.uk/terms-and-conditions/,Page,Terms and Conditions,terms and conditions,Site & Groundworks Equipment
https://hirein.co.uk/testimonials/,Page,Testimonials,testimonials,Site & Groundworks Equipment
https://hirein.co.uk/newsletter-signup/,Page,Newsletter Signup,newsletter signup,Site & Groundworks Equipment
https://hirein.co.uk/frequently-asked-questions/,Page,Frequently Asked Questions,frequently asked questions,Site & Groundworks Equipment
https://hirein.co.uk/products-by-attribute/,Page,Products by Attribute,products by attribute,Site & Groundworks Equipment
https://hirein.co.uk/specific-products/,Page,Specific Products,specific products,Site & Groundworks Equipment
https://hirein.co.uk/products-by-category/,Page,Products by Category,products by category,Site & Groundworks Equipment
https://hirein.co.uk/top-rated-products/,Page,Top Rated Products,top rated products,Site & Groundworks Equipment
https://hirein.co.uk/sale-products/,Page,Sale Products,sale products,Site & Groundworks Equipment
https://hirein.co.uk/recent-products/,Page,Recent Products,recent products,Site & Groundworks Equipment
https://hirein.co.uk/track-your-order/,Page,Track Your Order,track your order,Site & Groundworks Equipment
https://hirein.co.uk/product-comparison/,Page,Product Comparison,product comparison,Site & Groundworks Equipment
